osmid,shape
112624378,POINT(-8.5470652 41.1446972)
112624414,POINT(-8.5389837 41.1371699)
112624423,POINT(-8.5355184 41.1339431)
276928791,POINT(-8.5449028 41.1207945)
276928792,POINT(-8.5437813 41.1194519)
276928801,POINT(-8.5415636 41.1178777)
276928809,POINT(-8.5397463 41.1162167)
276928838,POINT(-8.5336338 41.1089507)
276928839,POINT(-8.5319401 41.107026)
276928845,POINT(-8.5295324 41.1062668)
276930017,POINT(-8.5108063 41.1166912)
276930020,POINT(-8.5112616 41.1185964)
276930032,POINT(-8.5148039 41.1277407)
276930043,POINT(-8.5175047 41.1359247)
276930093,POINT(-8.5183922 41.1366427)
276930094,POINT(-8.5184664 41.1365564)
276930097,POINT(-8.5183397 41.1361849)
276930099,POINT(-8.5180847 41.1361197)
276930101,POINT(-8.5177383 41.1362621)
276930103,POINT(-8.5177821 41.1366442)
276930104,POINT(-8.5178901 41.1367071)
276930307,POINT(-8.5181963 41.1374123)
276936246,POINT(-8.5472335 41.1430261)
276936247,POINT(-8.5473249 41.1430148)
276936248,POINT(-8.547418 41.142901)
276936249,POINT(-8.5474105 41.1428662)
276936251,POINT(-8.5472741 41.1427806)
276936253,POINT(-8.5470971 41.1429404)
276936295,POINT(-8.5469894 41.1430814)
276936864,POINT(-8.5310204 41.1445611)
276936890,POINT(-8.5410721 41.1453292)
276936903,POINT(-8.5251487 41.1423231)
276936905,POINT(-8.5251155 41.1421884)
276937359,POINT(-8.5171227 41.1406805)
314536381,POINT(-8.5390087 41.1374426)
314536428,POINT(-8.5467964 41.1444008)
314536526,POINT(-8.5361285 41.1366216)
314536537,POINT(-8.5357007 41.1363073)
314536539,POINT(-8.5355763 41.1363776)
314536549,POINT(-8.5358185 41.1367757)
314536587,POINT(-8.5364034 41.1359337)
314536593,POINT(-8.5366921 41.1361981)
314536603,POINT(-8.5379252 41.1354135)
314536605,POINT(-8.5379441 41.1353001)
314536609,POINT(-8.537751 41.1351382)
314536611,POINT(-8.537629 41.1351325)
314536622,POINT(-8.5368822 41.1361025)
314536634,POINT(-8.5354647 41.1361615)
314536650,POINT(-8.5333906 41.1356383)
314536652,POINT(-8.5334535 41.135682)
314536670,POINT(-8.5344828 41.1351289)
314536677,POINT(-8.5298708 41.1364203)
314536680,POINT(-8.5323409 41.1362876)
314536693,POINT(-8.533334 41.1357243)
314536695,POINT(-8.5306557 41.1363635)
314539770,POINT(-8.5405493 41.1337286)
314539775,POINT(-8.5407372 41.1338905)
314539810,POINT(-8.540734 41.137335)
314542512,POINT(-8.5444052 41.135021)
314542514,POINT(-8.5412594 41.1339994)
314542518,POINT(-8.54204 41.1344927)
314542520,POINT(-8.5428665 41.1348625)
314542526,POINT(-8.5464628 41.1360084)
314542530,POINT(-8.5473892 41.1355182)
314542531,POINT(-8.5476762 41.1356013)
314542533,POINT(-8.5473021 41.1351701)
314542539,POINT(-8.5468767 41.1348563)
314542549,POINT(-8.546222 41.1358526)
314542550,POINT(-8.5462365 41.1341106)
314542559,POINT(-8.5477536 41.1351083)
314542569,POINT(-8.5412508 41.1335225)
314542602,POINT(-8.5403547 41.1335516)
413695896,POINT(-8.5176507 41.1483143)
413695910,POINT(-8.5176608 41.1473525)
920225862,POINT(-8.5299016 41.1214608)
920225898,POINT(-8.5377402 41.1306055)
920225940,POINT(-8.5469788 41.1428336)
920225964,POINT(-8.5361478 41.1368915)
920226004,POINT(-8.5148372 41.1270063)
920226012,POINT(-8.5367815 41.1283822)
920226019,POINT(-8.5275989 41.1214863)
920226045,POINT(-8.5370317 41.1322973)
920226046,POINT(-8.5360776 41.1366867)
920226082,POINT(-8.5002885 41.1136704)
920226083,POINT(-8.5380675 41.1386383)
920226090,POINT(-8.5303324 41.1216881)
920226100,POINT(-8.5374142 41.1297983)
920226131,POINT(-8.5364248 41.128131)
920226139,POINT(-8.5401884 41.1398114)
920226168,POINT(-8.5269364 41.1217353)
920226193,POINT(-8.524406 41.1193406)
920226205,POINT(-8.5013842 41.113015)
920226263,POINT(-8.534688 41.1350055)
920226276,POINT(-8.5308204 41.1225875)
920226279,POINT(-8.5063416 41.1147044)
920226288,POINT(-8.5092431 41.1157832)
1126327199,POINT(-8.549678 41.1495287)
1126327201,POINT(-8.5499682 41.1485207)
1126327330,POINT(-8.5407723 41.1475201)
1126355510,POINT(-8.5473354 41.1478339)
1126355534,POINT(-8.5486966 41.1480383)
1126355540,POINT(-8.5468483 41.1482284)
1143316597,POINT(-8.5471962 41.1480441)
1190257231,POINT(-8.5362961 41.1497702)
1190257232,POINT(-8.53619 41.1499156)
1260536980,POINT(-8.5142389 41.13451)
1323014771,POINT(-8.5478508 41.1129984)
1323015126,POINT(-8.5496296 41.1174844)
1323015234,POINT(-8.5486287 41.1195228)
1323015664,POINT(-8.5498776 41.1199542)
1323015681,POINT(-8.5491002 41.1129856)
1323015694,POINT(-8.5497217 41.114871)
1323015952,POINT(-8.5497507 41.1190772)
1324733086,POINT(-8.5461235 41.1057957)
1324733109,POINT(-8.5447103 41.10647)
1324733189,POINT(-8.5492345 41.1053482)
1324733853,POINT(-8.5478729 41.1029616)
1324733880,POINT(-8.5463478 41.1080928)
1324733893,POINT(-8.5455352 41.1061373)
1324733903,POINT(-8.5458096 41.1075472)
1324733913,POINT(-8.5482627 41.1036724)
1324733985,POINT(-8.5480606 41.1038973)
1324734233,POINT(-8.5455505 41.1086788)
1324735005,POINT(-8.5472013 41.1048702)
1324735023,POINT(-8.543787 41.1036772)
1324735159,POINT(-8.5464679 41.1046302)
1324735249,POINT(-8.5437545 41.104568)
1324735496,POINT(-8.5447476 41.1040056)
1324735535,POINT(-8.5466685 41.1046942)
1324735556,POINT(-8.5488933 41.1054499)
1324735592,POINT(-8.5461613 41.1114484)
1324735605,POINT(-8.546349 41.1061521)
1324735730,POINT(-8.5458014 41.1074112)
1324736185,POINT(-8.5451973 41.1043553)
1324796959,POINT(-8.5426707 41.1032789)
1324796980,POINT(-8.5428881 41.1076183)
1324797107,POINT(-8.5416263 41.1044197)
1324797114,POINT(-8.5430866 41.1005814)
1324797142,POINT(-8.5443688 41.1026967)
1324797670,POINT(-8.5414297 41.1010087)
1324797694,POINT(-8.5370883 41.1024861)
1324797791,POINT(-8.5438684 41.1084094)
1324798256,POINT(-8.5406963 41.1020323)
1324800909,POINT(-8.5414809 41.1046243)
1324802195,POINT(-8.540075 41.1082609)
1324802262,POINT(-8.541563 41.1005305)
1324802940,POINT(-8.5414637 41.1054914)
1324806073,POINT(-8.5410061 41.1061364)
1324808312,POINT(-8.5416534 41.1055544)
1324808346,POINT(-8.5413323 41.1014618)
1324808362,POINT(-8.539372 41.1000328)
1324808396,POINT(-8.540352 41.1004481)
1324808412,POINT(-8.5420782 41.1057058)
1324808711,POINT(-8.5403548 41.1009227)
1324808924,POINT(-8.5430914 41.1006044)
1324812018,POINT(-8.5411261 41.105108)
1326165760,POINT(-8.5373087 41.1323803)
1326165764,POINT(-8.5371757 41.1321737)
1326165778,POINT(-8.5385669 41.1330996)
1326171084,POINT(-8.5289098 41.13589)
1326171085,POINT(-8.5268016 41.1325973)
1326171086,POINT(-8.5478611 41.132105)
1326171089,POINT(-8.5239156 41.1292194)
1326171090,POINT(-8.5481786 41.1314969)
1326171091,POINT(-8.5263671 41.1322377)
1326171092,POINT(-8.524216 41.1295992)
1326171095,POINT(-8.5475984 41.1324539)
1326171096,POINT(-8.546419 41.129575)
1326171097,POINT(-8.5236809 41.1290467)
1326171099,POINT(-8.5246398 41.1299467)
1326171101,POINT(-8.5245539 41.1298094)
1326171928,POINT(-8.5230412 41.1280961)
1326173157,POINT(-8.5226139 41.1266651)
1326177655,POINT(-8.5293341 41.1361783)
1326177657,POINT(-8.5293801 41.136258)
1326177662,POINT(-8.5294046 41.1360991)
1326177670,POINT(-8.5294769 41.1362786)
1326177672,POINT(-8.5295854 41.1361923)
1326177676,POINT(-8.5291705 41.1360411)
1326182323,POINT(-8.533952 41.136481)
1326182325,POINT(-8.5341868 41.1364529)
1326182327,POINT(-8.5341133 41.1365144)
1326182329,POINT(-8.5335511 41.1356418)
1326182339,POINT(-8.5334325 41.1355631)
1326182351,POINT(-8.5335362 41.135661)
1326182357,POINT(-8.534034 41.1363309)
1326184510,POINT(-8.5380764 41.1387762)
1326184512,POINT(-8.5382945 41.1386891)
1326184519,POINT(-8.5381134 41.1387937)
1326188406,POINT(-8.5347773 41.1398964)
1326188424,POINT(-8.5348116 41.1398361)
1326188444,POINT(-8.533792 41.1400838)
1326188454,POINT(-8.5346973 41.1398705)
1326190400,POINT(-8.531671 41.1480161)
1326190402,POINT(-8.5317126 41.1478836)
1326190406,POINT(-8.5314988 41.1480539)
1326190422,POINT(-8.5314465 41.1478089)
1326190424,POINT(-8.5307173 41.1473334)
1326192814,POINT(-8.5251637 41.1422882)
1326192825,POINT(-8.5248763 41.1422376)
1326192827,POINT(-8.5250322 41.1423828)
1326192829,POINT(-8.5249339 41.1421796)
1326192830,POINT(-8.5249835 41.1423805)
1327527062,POINT(-8.5498577 41.1423177)
1327527088,POINT(-8.5466712 41.1376394)
1327527105,POINT(-8.5493229 41.1419089)
1327529262,POINT(-8.5485111 41.1423966)
1327529264,POINT(-8.5474983 41.1426804)
1327546291,POINT(-8.5317548 41.1393945)
1327546297,POINT(-8.5330406 41.1433044)
1327546298,POINT(-8.531697 41.1391361)
1327546302,POINT(-8.5326167 41.1412471)
1383974759,POINT(-8.5028108 41.1481821)
1383974773,POINT(-8.5052995 41.1495357)
1388197594,POINT(-8.5003924 41.138997)
1388197612,POINT(-8.509369 41.1466048)
1388197617,POINT(-8.5004564 41.1401266)
1388197627,POINT(-8.5088548 41.1445276)
1388197645,POINT(-8.5074413 41.1432228)
1388197668,POINT(-8.5076988 41.1423248)
1388197672,POINT(-8.5076424 41.1422047)
1388197676,POINT(-8.5084283 41.1436227)
1389196069,POINT(-8.5018003 41.1255302)
1391962752,POINT(-8.5212753 41.1279102)
1391962759,POINT(-8.5202223 41.1287291)
1391962767,POINT(-8.5199794 41.128732)
1391962778,POINT(-8.5152975 41.1300394)
1391962792,POINT(-8.5237652 41.1291005)
1391962810,POINT(-8.5200049 41.128777)
1391962814,POINT(-8.5148611 41.1279846)
1391962825,POINT(-8.5180651 41.1298682)
1391962837,POINT(-8.5153006 41.1279705)
1391962844,POINT(-8.5201825 41.1286511)
1391962850,POINT(-8.5200151 41.1286536)
1391969174,POINT(-8.5185055 41.1317973)
1391969206,POINT(-8.5209508 41.1287412)
1391969229,POINT(-8.5199887 41.1312114)
1391969243,POINT(-8.521661 41.1288268)
1391969249,POINT(-8.5176451 41.1322139)
1391969261,POINT(-8.5194413 41.1299041)
1391969263,POINT(-8.519553 41.1304462)
1391969264,POINT(-8.5192217 41.1293422)
1392657667,POINT(-8.524691 41.1238133)
1392657694,POINT(-8.5110438 41.1177621)
1392657715,POINT(-8.512457 41.1180238)
1392657718,POINT(-8.5248558 41.1237193)
1392657750,POINT(-8.5246862 41.123733)
1392657751,POINT(-8.5135782 41.1184057)
1392657753,POINT(-8.5247773 41.1236921)
1392657794,POINT(-8.5255364 41.1235576)
1392657799,POINT(-8.5205922 41.1232854)
1392668325,POINT(-8.510826 41.117215)
1392668329,POINT(-8.5107171 41.1173542)
1392668331,POINT(-8.5108493 41.1173657)
1392668332,POINT(-8.5107068 41.1172442)
1392678270,POINT(-8.526927 41.1232204)
1392678274,POINT(-8.5301811 41.1227656)
1392678279,POINT(-8.5274746 41.121968)
1392678293,POINT(-8.5307788 41.1227342)
1392678297,POINT(-8.5283305 41.1228335)
1392678298,POINT(-8.5266475 41.1217395)
1392678309,POINT(-8.5282189 41.1228734)
1392678320,POINT(-8.5305725 41.1220248)
1392694369,POINT(-8.5292447 41.1177098)
1392694377,POINT(-8.5297568 41.1133096)
1392694388,POINT(-8.5286178 41.1082907)
1392694391,POINT(-8.5321664 41.1072875)
1392694412,POINT(-8.5317921 41.1072143)
1392694415,POINT(-8.5295681 41.1161913)
1392694427,POINT(-8.5293515 41.1082936)
1392694435,POINT(-8.5305796 41.1076268)
1392709051,POINT(-8.5181009 41.117792)
1392709109,POINT(-8.5185205 41.1213589)
1392709111,POINT(-8.5182344 41.1178746)
1392709118,POINT(-8.5183209 41.117764)
1393281448,POINT(-8.5143694 41.1158314)
1393281495,POINT(-8.5167057 41.1167285)
1393975114,POINT(-8.5353976 41.1340234)
1393977203,POINT(-8.5366438 41.1357331)
1394001737,POINT(-8.5232395 41.1113007)
1394001742,POINT(-8.5217996 41.1106245)
1394001747,POINT(-8.5192184 41.1109202)
1394001803,POINT(-8.5205198 41.1095426)
1394001830,POINT(-8.5219255 41.1107081)
1394001850,POINT(-8.5104877 41.1132664)
1394056207,POINT(-8.5236989 41.1200645)
1394056223,POINT(-8.5239087 41.1198207)
1394056226,POINT(-8.5236287 41.1197916)
1394056239,POINT(-8.5217765 41.1107429)
1394056256,POINT(-8.5215202 41.112582)
1394057767,POINT(-8.5221758 41.1176275)
1394057776,POINT(-8.5230395 41.1173096)
1394070586,POINT(-8.5376326 41.1310775)
1394070590,POINT(-8.5404019 41.1251413)
1394070595,POINT(-8.538558 41.128762)
1394070607,POINT(-8.54603 41.129589)
1394070608,POINT(-8.5415481 41.1277271)
1394070619,POINT(-8.5416738 41.1279107)
1394070620,POINT(-8.5379337 41.1301297)
1394070621,POINT(-8.5406013 41.125698)
1394070644,POINT(-8.5391206 41.1283848)
1394070646,POINT(-8.5391546 41.1300549)
1394070665,POINT(-8.5428767 41.1281619)
1394070683,POINT(-8.5409082 41.1267176)
1394070685,POINT(-8.544402 41.1297102)
1394070690,POINT(-8.5416121 41.1295056)
1419377279,POINT(-8.5287329 41.1070853)
1419378112,POINT(-8.5105953 41.1142223)
1419378117,POINT(-8.5106062 41.1143924)
1419378129,POINT(-8.5122474 41.1146014)
1419378133,POINT(-8.5124243 41.1147291)
1419378532,POINT(-8.5411972 41.1181208)
1419378572,POINT(-8.5284991 41.1185076)
1419378605,POINT(-8.5314053 41.1195572)
1419378609,POINT(-8.5307437 41.1196105)
1419378657,POINT(-8.5350368 41.1206356)
1419378658,POINT(-8.5436903 41.1207191)
1419378664,POINT(-8.5344337 41.1208153)
1419378678,POINT(-8.5336328 41.1210755)
1419378682,POINT(-8.5337486 41.1211155)
1419378688,POINT(-8.5423891 41.1211381)
1419378690,POINT(-8.5361082 41.1211482)
1419378692,POINT(-8.533746 41.1211674)
1419378694,POINT(-8.5422643 41.1211918)
1419378696,POINT(-8.5336266 41.1212008)
1419378777,POINT(-8.5438736 41.1222601)
1419378806,POINT(-8.5457838 41.1231723)
1419378808,POINT(-8.5471861 41.1232014)
1419378815,POINT(-8.5428474 41.1232909)
1419378834,POINT(-8.5419808 41.1234951)
1419378835,POINT(-8.5420987 41.123503)
1419378839,POINT(-8.5479529 41.123512)
1419378870,POINT(-8.537586 41.1239239)
1419378872,POINT(-8.5370365 41.1239483)
1419378875,POINT(-8.5457111 41.1239818)
1419378882,POINT(-8.5417755 41.124057)
1419378885,POINT(-8.5441262 41.1241184)
1419378892,POINT(-8.5418994 41.1241699)
1419378901,POINT(-8.5413976 41.1242828)
1419378911,POINT(-8.5421534 41.1243639)
1419378913,POINT(-8.5430782 41.1243813)
1419378914,POINT(-8.5415439 41.1243849)
1419378923,POINT(-8.5416192 41.1244374)
1419378930,POINT(-8.5421618 41.1244965)
1419378941,POINT(-8.5456463 41.1247726)
1419379117,POINT(-8.5407835 41.1256326)
1419379165,POINT(-8.5412223 41.1260816)
1419379256,POINT(-8.5427393 41.1267716)
1419379278,POINT(-8.5421801 41.1270848)
1419379361,POINT(-8.5008429 41.127848)
1419379366,POINT(-8.5371081 41.1278682)
1419379399,POINT(-8.538338 41.1281111)
1419379480,POINT(-8.5384233 41.128629)
1419379510,POINT(-8.5380569 41.1287344)
1419379593,POINT(-8.5371946 41.1290115)
1419379714,POINT(-8.5360951 41.1299978)
1419379715,POINT(-8.5358342 41.1300436)
1419379743,POINT(-8.5492349 41.1305757)
1419379750,POINT(-8.5497106 41.1307509)
1419379803,POINT(-8.5445379 41.1318779)
1419379821,POINT(-8.5473795 41.1322473)
1419379825,POINT(-8.533548 41.1322669)
1419379852,POINT(-8.5407256 41.1336132)
1419379853,POINT(-8.540659 41.1336241)
1419379859,POINT(-8.5409053 41.1337964)
1419379860,POINT(-8.5405669 41.133815)
1419379863,POINT(-8.5408459 41.1338602)
1419379866,POINT(-8.5361252 41.1340204)
1523767567,POINT(-8.5061133 41.1223385)
1523767591,POINT(-8.5059572 41.1223683)
1523768131,POINT(-8.5214946 41.1315374)
1523768217,POINT(-8.520974 41.1321227)
1523768231,POINT(-8.5261138 41.1321086)
1548057294,POINT(-8.5499199 41.1402604)
1548057311,POINT(-8.5473162 41.1405228)
1548057336,POINT(-8.5487186 41.1412829)
1548057340,POINT(-8.5490399 41.1413654)
1548057360,POINT(-8.5478235 41.141454)
1548057429,POINT(-8.5485763 41.1417756)
1548057448,POINT(-8.5493914 41.1419665)
1548057449,POINT(-8.5482066 41.1420171)
1548057481,POINT(-8.5484744 41.1423198)
1548058120,POINT(-8.5323921 41.1437357)
1548058486,POINT(-8.5323233 41.1437788)
1548058688,POINT(-8.5325041 41.1437969)
1548058846,POINT(-8.5321779 41.1439212)
1548058867,POINT(-8.5323641 41.1438685)
1548068017,POINT(-8.5315678 41.1477898)
1548068265,POINT(-8.5499654 41.1480208)
1548068557,POINT(-8.5494627 41.1480907)
1548068990,POINT(-8.5499128 41.1482536)
1548068993,POINT(-8.5498702 41.1482084)
1548181339,POINT(-8.5341214 41.1405817)
1548181362,POINT(-8.5383719 41.1406472)
1548181468,POINT(-8.5347795 41.1413045)
1548181876,POINT(-8.5362772 41.1426946)
1548181907,POINT(-8.537794 41.1428944)
1548181930,POINT(-8.5343943 41.1429119)
1548181936,POINT(-8.5379226 41.1430453)
1548187559,POINT(-8.5349739 41.1403616)
1549668762,POINT(-8.5247133 41.1437648)
1549669462,POINT(-8.5290051 41.143923)
1549669558,POINT(-8.5308751 41.1439521)
1549669744,POINT(-8.5168952 41.1442721)
1549669942,POINT(-8.5246965 41.1443308)
1549670104,POINT(-8.5247021 41.1446497)
1549670180,POINT(-8.5244053 41.1446785)
1549670227,POINT(-8.5245985 41.1446938)
1549670706,POINT(-8.5247784 41.1447674)
1549670730,POINT(-8.5246804 41.1448031)
1549670801,POINT(-8.5222858 41.1450352)
1549670810,POINT(-8.5246187 41.1450056)
1549670873,POINT(-8.5151398 41.1451623)
1549670884,POINT(-8.5206168 41.1452459)
1549670905,POINT(-8.5151904 41.145325)
1549670952,POINT(-8.5232324 41.1453924)
1549670975,POINT(-8.5263379 41.1454243)
1549671008,POINT(-8.5220327 41.1455769)
1549671041,POINT(-8.5153069 41.1456408)
1549671046,POINT(-8.516157 41.1457083)
1549671059,POINT(-8.5320013 41.1457383)
1549671079,POINT(-8.5261875 41.1458332)
1549671110,POINT(-8.524931 41.1459092)
1549671123,POINT(-8.5153134 41.145942)
1549671359,POINT(-8.5156297 41.1465134)
1549671386,POINT(-8.5269761 41.1466671)
1549671421,POINT(-8.5318062 41.1466793)
1549671453,POINT(-8.52383 41.1468088)
1549671528,POINT(-8.5248497 41.1473214)
1549671534,POINT(-8.5307882 41.1472908)
1549671560,POINT(-8.5257285 41.1473617)
1549671585,POINT(-8.5264693 41.147417)
1549671629,POINT(-8.5200565 41.1475716)
1549671659,POINT(-8.5302369 41.1476835)
1549671681,POINT(-8.5271948 41.1476975)
1549671740,POINT(-8.5171706 41.1479986)
1549671898,POINT(-8.5271861 41.1479972)
1549671950,POINT(-8.5202993 41.1481412)
1549671963,POINT(-8.5176959 41.1481482)
1549671984,POINT(-8.5290326 41.1481658)
1549671997,POINT(-8.5215907 41.1482121)
1549672085,POINT(-8.5302426 41.1483316)
1549672096,POINT(-8.5278541 41.148377)
1549672220,POINT(-8.5205441 41.1487628)
1549672252,POINT(-8.5164123 41.1488125)
1549672268,POINT(-8.5268761 41.1488328)
1549672412,POINT(-8.5171876 41.1490781)
1549672422,POINT(-8.5304609 41.1490544)
1549672446,POINT(-8.5290629 41.1491981)
1549672535,POINT(-8.5207591 41.149329)
1549672572,POINT(-8.5169675 41.1494329)
1549672613,POINT(-8.5199291 41.1494908)
1549672793,POINT(-8.5234391 41.1496614)
1549672801,POINT(-8.5299203 41.1496861)
1549672830,POINT(-8.5311543 41.1497355)
1549672837,POINT(-8.5279304 41.149742)
1549672997,POINT(-8.525604 41.1497716)
1549673141,POINT(-8.5177317 41.1499043)
1549673256,POINT(-8.5242644 41.1499846)
1550091382,POINT(-8.5335713 41.1432371)
1550091392,POINT(-8.5379789 41.1433362)
1550091408,POINT(-8.5367901 41.1434492)
1550091461,POINT(-8.534521 41.1435554)
1550091465,POINT(-8.5372868 41.1436092)
1550091469,POINT(-8.5332711 41.1436305)
1550091474,POINT(-8.5360215 41.1437308)
1550091485,POINT(-8.5340468 41.1440358)
1550091494,POINT(-8.5327783 41.1441479)
1550091499,POINT(-8.5359233 41.1441676)
1550091504,POINT(-8.5444891 41.1442404)
1550091526,POINT(-8.543576 41.1446135)
1550091605,POINT(-8.5353524 41.1450294)
1550091620,POINT(-8.5347518 41.1452284)
1550091691,POINT(-8.5344452 41.1462547)
1550091700,POINT(-8.5410867 41.1465348)
1550091701,POINT(-8.5412821 41.1466661)
1550091742,POINT(-8.5395792 41.1485759)
1550091797,POINT(-8.531286 41.1490921)
1550091899,POINT(-8.5334362 41.1498389)
1550091914,POINT(-8.5334802 41.149947)
1550547780,POINT(-8.523537 41.1315695)
1550547796,POINT(-8.5241165 41.1315726)
1550547895,POINT(-8.5242367 41.1316475)
1550547972,POINT(-8.5257459 41.1317421)
1550548031,POINT(-8.5250705 41.1318692)
1550548059,POINT(-8.5239632 41.1318799)
1550548111,POINT(-8.5255589 41.1319816)
1550548171,POINT(-8.5248811 41.1321268)
1550548855,POINT(-8.5254927 41.1339566)
1550548962,POINT(-8.5253283 41.1343165)
1550549155,POINT(-8.5260543 41.1345954)
1550549250,POINT(-8.5296048 41.1346202)
1550549381,POINT(-8.5350421 41.1347118)
1550549523,POINT(-8.5258014 41.1348205)
1550549541,POINT(-8.5356491 41.1348495)
1550549580,POINT(-8.5310016 41.1348926)
1550549677,POINT(-8.5354687 41.1350328)
1550549781,POINT(-8.526822 41.1350876)
1550549868,POINT(-8.5310978 41.1351618)
1550549875,POINT(-8.532327 41.1351632)
1550550500,POINT(-8.5311477 41.1353638)
1550550509,POINT(-8.5354637 41.135367)
1550550689,POINT(-8.5357468 41.1355029)
1550550799,POINT(-8.5350042 41.1356721)
1550551337,POINT(-8.5244728 41.1361313)
1550551364,POINT(-8.5295542 41.1361246)
1550551413,POINT(-8.5326898 41.1361992)
1550551663,POINT(-8.5359315 41.1363008)
1550551868,POINT(-8.5314207 41.136325)
1550551879,POINT(-8.5319781 41.1363289)
1550552170,POINT(-8.5176839 41.1363563)
1550552178,POINT(-8.5334026 41.1363737)
1550552563,POINT(-8.5297642 41.1364086)
1550552581,POINT(-8.5289693 41.1364118)
1550552591,POINT(-8.5306651 41.1364303)
1550552624,POINT(-8.5297259 41.1364348)
1550552955,POINT(-8.5320807 41.1364586)
1550553149,POINT(-8.5299482 41.1364813)
1550553301,POINT(-8.5320584 41.1364954)
1550554061,POINT(-8.5297523 41.1365705)
1550554067,POINT(-8.5361506 41.1365471)
1550554102,POINT(-8.5330194 41.1365581)
1550554338,POINT(-8.529808 41.1365837)
1550554938,POINT(-8.5297684 41.136667)
1550555121,POINT(-8.5324307 41.1367453)
1550555192,POINT(-8.5332444 41.136821)
1550555415,POINT(-8.5381286 41.1369387)
1550555802,POINT(-8.5347101 41.1370817)
1550556102,POINT(-8.5348462 41.1372971)
1550556107,POINT(-8.5268708 41.1373207)
1550556276,POINT(-8.5382199 41.137593)
1550556282,POINT(-8.5297026 41.1376118)
1550556505,POINT(-8.5351042 41.1380169)
1550556511,POINT(-8.5284612 41.1380289)
1550556525,POINT(-8.5278381 41.1380528)
1550556716,POINT(-8.5290325 41.1381505)
1550556808,POINT(-8.5263564 41.138183)
1550556826,POINT(-8.5309122 41.1382009)
1550556929,POINT(-8.5187076 41.1382065)
1550556949,POINT(-8.5289872 41.1382248)
1550557072,POINT(-8.5169901 41.1382402)
1550557132,POINT(-8.5182546 41.1379217)
1550557260,POINT(-8.530665 41.1383224)
1550557376,POINT(-8.5266174 41.1383663)
1550557559,POINT(-8.5267207 41.1384388)
1550557661,POINT(-8.5309624 41.138512)
1550557670,POINT(-8.5206038 41.1385258)
1550557816,POINT(-8.5187791 41.138651)
1550557976,POINT(-8.5170094 41.1387126)
1550558104,POINT(-8.5382616 41.1387679)
1550558227,POINT(-8.5189349 41.1387988)
1550558367,POINT(-8.51828 41.1388241)
1550558381,POINT(-8.5392642 41.1388609)
1550558526,POINT(-8.5317802 41.1389007)
1550559009,POINT(-8.5203912 41.1389578)
1550559292,POINT(-8.5247509 41.1389897)
1550559304,POINT(-8.5206364 41.1389976)
1550559430,POINT(-8.5201142 41.1390111)
1550559630,POINT(-8.5390481 41.1390414)
1550559642,POINT(-8.5183047 41.1390416)
1550559904,POINT(-8.5389758 41.1390943)
1550559910,POINT(-8.5281011 41.1390952)
1550559963,POINT(-8.5191713 41.1391553)
1550560305,POINT(-8.5183156 41.1391531)
1550560337,POINT(-8.5366903 41.1392017)
1550560462,POINT(-8.5167401 41.1392346)
1550560564,POINT(-8.5399526 41.1392665)
1550560592,POINT(-8.5286375 41.1392947)
1550560745,POINT(-8.5174764 41.1393286)
1550560758,POINT(-8.5375687 41.1393464)
1550560865,POINT(-8.5286991 41.1393571)
1550560880,POINT(-8.5361288 41.139383)
1550560946,POINT(-8.5381141 41.139414)
1550561077,POINT(-8.5175349 41.1394503)
1550561131,POINT(-8.5268185 41.1394625)
1550561361,POINT(-8.5376999 41.1395333)
1550561458,POINT(-8.5271822 41.139599)
1550561495,POINT(-8.5356063 41.1396148)
1550561875,POINT(-8.5297554 41.1396364)
1550562207,POINT(-8.5290892 41.139695)
1550562294,POINT(-8.5276474 41.1397735)
1550562423,POINT(-8.5252957 41.1397966)
1550562435,POINT(-8.5400042 41.1398016)
1550562536,POINT(-8.5399774 41.1399092)
1550562687,POINT(-8.5257465 41.1398963)
1550562910,POINT(-8.5235773 41.1399831)
1550563022,POINT(-8.525065 41.1400311)
1550563182,POINT(-8.5264123 41.1401451)
1550563187,POINT(-8.5249726 41.1401651)
1550563605,POINT(-8.5267898 41.1402449)
1550563918,POINT(-8.530622 41.1403101)
1550563933,POINT(-8.5262931 41.1403247)
1550563955,POINT(-8.5377938 41.1403316)
1550564049,POINT(-8.5326678 41.1403427)
1550564186,POINT(-8.5168916 41.1404201)
1550564193,POINT(-8.5253295 41.1404244)
1550564200,POINT(-8.5380524 41.1404465)
1550564261,POINT(-8.5171531 41.1404695)
1550564338,POINT(-8.5299457 41.1404955)
1550564442,POINT(-8.5283911 41.1405291)
1550564597,POINT(-8.5171351 41.1405942)
1550564603,POINT(-8.5239293 41.1405509)
1550564776,POINT(-8.5277719 41.1406489)
1550564793,POINT(-8.5233366 41.1406469)
1550564897,POINT(-8.5298064 41.1407454)
1550564905,POINT(-8.5186821 41.1407537)
1550565041,POINT(-8.5220504 41.1409099)
1550565149,POINT(-8.529517 41.1409601)
1550565277,POINT(-8.5325074 41.1410053)
1550565310,POINT(-8.5299872 41.1410154)
1550565325,POINT(-8.5293574 41.1410345)
1550565335,POINT(-8.5188336 41.1410405)
1550565435,POINT(-8.5321966 41.1411023)
1550565452,POINT(-8.5291138 41.1411319)
1550565628,POINT(-8.5238809 41.1411978)
1550565719,POINT(-8.5317509 41.1411884)
1550565775,POINT(-8.5287444 41.1411976)
1550566293,POINT(-8.5287885 41.1412573)
1550566479,POINT(-8.5275103 41.1412972)
1550566808,POINT(-8.5180132 41.1413537)
1550566835,POINT(-8.5312433 41.1413607)
1550566955,POINT(-8.5239333 41.1414832)
1550567181,POINT(-8.518989 41.1415997)
1550567332,POINT(-8.5326161 41.1417357)
1550567695,POINT(-8.5196083 41.141715)
1550567742,POINT(-8.5293614 41.1417162)
1550567778,POINT(-8.521307 41.14173)
1550567873,POINT(-8.5320457 41.1417437)
1550567914,POINT(-8.5308843 41.141749)
1550568005,POINT(-8.5174614 41.1417913)
1550568015,POINT(-8.517911 41.1417948)
1550568196,POINT(-8.5168954 41.1418035)
1550568648,POINT(-8.525115 41.1419047)
1550569576,POINT(-8.5292465 41.1421941)
1550569598,POINT(-8.5205964 41.1421135)
1550569842,POINT(-8.5168272 41.1421618)
1550569888,POINT(-8.5250742 41.1421689)
1550570062,POINT(-8.5320827 41.1422193)
1550570070,POINT(-8.5334444 41.1422201)
1550570548,POINT(-8.530676 41.142278)
1550570953,POINT(-8.519613 41.1423533)
1550571565,POINT(-8.5295534 41.1424244)
1550571584,POINT(-8.5326585 41.1424518)
1550571598,POINT(-8.5305639 41.1424295)
1550571727,POINT(-8.5223378 41.1425102)
1550571755,POINT(-8.5215607 41.1425305)
1550571760,POINT(-8.5212657 41.1425371)
1550571764,POINT(-8.5209577 41.1425461)
1550572073,POINT(-8.5177775 41.1427241)
1550572175,POINT(-8.5190474 41.1427734)
1550572179,POINT(-8.5230028 41.1427786)
1550572182,POINT(-8.5190482 41.1428016)
1550572284,POINT(-8.5323708 41.142867)
1550572336,POINT(-8.5312483 41.1430532)
1550572372,POINT(-8.5290554 41.1429979)
1550572566,POINT(-8.5291264 41.1430931)
1550572577,POINT(-8.5182755 41.1430989)
1550572581,POINT(-8.5243441 41.143057)
1550572689,POINT(-8.5223585 41.1431529)
1550572699,POINT(-8.5286713 41.14317)
1550572779,POINT(-8.5326864 41.1431975)
1550572781,POINT(-8.5289261 41.1432477)
1550572888,POINT(-8.5293216 41.1433552)
1550572906,POINT(-8.5294296 41.1433769)
1550572909,POINT(-8.5242827 41.1433949)
1550572917,POINT(-8.5305936 41.1434128)
1550573039,POINT(-8.5247601 41.1434492)
1550573055,POINT(-8.5242577 41.1435059)
1550573063,POINT(-8.5228284 41.1435452)
1550573076,POINT(-8.5293469 41.1438824)
1550573368,POINT(-8.5375146 41.1454186)
1550573509,POINT(-8.5379759 41.1457504)
1550573512,POINT(-8.5370627 41.1457994)
1550573693,POINT(-8.5294613 41.146167)
1550573773,POINT(-8.5293762 41.1462131)
1550573859,POINT(-8.5296315 41.146316)
1550573943,POINT(-8.5295569 41.1463712)
1551004055,POINT(-8.5311201 41.1158086)
1551004058,POINT(-8.5295078 41.1159677)
1551004070,POINT(-8.5271684 41.1162379)
1551004093,POINT(-8.5378752 41.1167075)
1551004511,POINT(-8.5366867 41.1170592)
1551004554,POINT(-8.5325127 41.1187673)
1551004586,POINT(-8.5364753 41.119528)
1551004658,POINT(-8.5336597 41.120459)
1551004670,POINT(-8.533861 41.1204748)
1551004687,POINT(-8.5340246 41.1207414)
1551004691,POINT(-8.5333648 41.120849)
1551004706,POINT(-8.5340363 41.1209894)
1551004712,POINT(-8.5356668 41.121143)
1551004744,POINT(-8.5374216 41.1212547)
1551004781,POINT(-8.5320483 41.1215622)
1551004784,POINT(-8.534594 41.1215731)
1551004810,POINT(-8.5361875 41.121835)
1551004824,POINT(-8.5364517 41.121858)
1551004841,POINT(-8.5368955 41.1220525)
1551004846,POINT(-8.5318176 41.1225368)
1551004878,POINT(-8.5318107 41.1231145)
1551004879,POINT(-8.5368743 41.1231286)
1551004907,POINT(-8.5308708 41.123247)
1551004921,POINT(-8.5308914 41.1232799)
1551004937,POINT(-8.5424573 41.1234014)
1551004938,POINT(-8.5369656 41.1234178)
1551004940,POINT(-8.5403857 41.1234262)
1551004941,POINT(-8.5309805 41.1234456)
1551004957,POINT(-8.5436955 41.1240153)
1551004958,POINT(-8.5436101 41.1242791)
1551004960,POINT(-8.5425832 41.1243856)
1551004969,POINT(-8.5372741 41.124509)
1551004974,POINT(-8.5370599 41.1246849)
1551004978,POINT(-8.5406098 41.1247943)
1551004996,POINT(-8.5357676 41.1251717)
1551005057,POINT(-8.5359487 41.1254658)
1551007698,POINT(-8.5423367 41.1298339)
1551007715,POINT(-8.5420573 41.1298367)
1551007742,POINT(-8.5422125 41.1298769)
1551007745,POINT(-8.5419905 41.1298877)
1551007849,POINT(-8.5421139 41.1300145)
1551008154,POINT(-8.5454095 41.13036)
1551008167,POINT(-8.5444451 41.1303987)
1551008240,POINT(-8.5433294 41.1304563)
1551008363,POINT(-8.5444793 41.1309444)
1551008397,POINT(-8.5444876 41.1310757)
1551008400,POINT(-8.5436772 41.1311242)
1551008851,POINT(-8.5440735 41.131907)
1551009008,POINT(-8.5445485 41.1320873)
1551009724,POINT(-8.5444144 41.1325241)
1553102294,POINT(-8.5012375 41.1421729)
1553102333,POINT(-8.5002458 41.1425618)
1553102348,POINT(-8.5025879 41.143002)
1553102350,POINT(-8.5008543 41.1430039)
1553102363,POINT(-8.5016651 41.1432352)
1553102367,POINT(-8.5009989 41.1433582)
1553102384,POINT(-8.5002099 41.1434543)
1553102413,POINT(-8.5006798 41.1436356)
1553102558,POINT(-8.5006387 41.144745)
1553102561,POINT(-8.5009742 41.1447454)
1553102593,POINT(-8.5009233 41.1450193)
1553102621,POINT(-8.5019063 41.1451127)
1553102661,POINT(-8.5012399 41.1453811)
1553102771,POINT(-8.5002173 41.1460146)
1553102802,POINT(-8.5095771 41.1466773)
1553102804,POINT(-8.5097927 41.1468637)
1553102820,POINT(-8.51191 41.147123)
1553102884,POINT(-8.5094052 41.1474551)
1553102897,POINT(-8.5020271 41.1475384)
1553102906,POINT(-8.5004011 41.1475946)
1553102910,POINT(-8.5016541 41.1477088)
1553102921,POINT(-8.5015279 41.1477672)
1553102936,POINT(-8.5038706 41.1478215)
1553102943,POINT(-8.5114463 41.1478904)
1553102944,POINT(-8.5112807 41.1478867)
1553102958,POINT(-8.5100285 41.1480654)
1553102964,POINT(-8.5027597 41.1481413)
1553102973,POINT(-8.5102541 41.1481869)
1553102980,POINT(-8.510986 41.1482253)
1553102986,POINT(-8.5020829 41.1482715)
1553102996,POINT(-8.5130641 41.1483478)
1553103008,POINT(-8.5030562 41.1484523)
1553103033,POINT(-8.5010694 41.1485575)
1553103037,POINT(-8.5138866 41.1485804)
1553103049,POINT(-8.5007472 41.1486149)
1553103126,POINT(-8.5124295 41.1488525)
1553103130,POINT(-8.5033526 41.1488607)
1553103163,POINT(-8.5123595 41.1488947)
1553103173,POINT(-8.5025494 41.149128)
1553103181,POINT(-8.5022713 41.1492138)
1553103314,POINT(-8.5037137 41.1493176)
1553103353,POINT(-8.5043258 41.1493761)
1553103385,POINT(-8.5111871 41.1494239)
1553103405,POINT(-8.51066 41.1494554)
1553103509,POINT(-8.5136272 41.1497206)
1554893951,POINT(-8.5318423 41.1465203)
1554893961,POINT(-8.537611 41.1463777)
1554893974,POINT(-8.5358247 41.1463858)
1554893975,POINT(-8.531012 41.1444003)
1554893982,POINT(-8.5356737 41.1447154)
1554893990,POINT(-8.5293891 41.1436244)
1554893992,POINT(-8.5307544 41.1436947)
1554897401,POINT(-8.5326919 41.1430975)
1554897402,POINT(-8.5367846 41.1443695)
1554897462,POINT(-8.5360228 41.1441896)
1554897466,POINT(-8.5374429 41.1446026)
1554899476,POINT(-8.5383072 41.1437066)
1554899495,POINT(-8.537619 41.1446971)
1554899501,POINT(-8.5377615 41.1439189)
1554899504,POINT(-8.5380351 41.1437555)
1554901306,POINT(-8.5368696 41.1411895)
1556195616,POINT(-8.5281242 41.1033178)
1556195649,POINT(-8.5229098 41.1037671)
1556195666,POINT(-8.5273963 41.1039587)
1556195693,POINT(-8.5299665 41.1045754)
1556195707,POINT(-8.5267806 41.1049711)
1556195719,POINT(-8.529929 41.1051048)
1556195789,POINT(-8.5305409 41.1052755)
1556195852,POINT(-8.530345 41.1054564)
1556195858,POINT(-8.5269852 41.1055052)
1556195869,POINT(-8.5250644 41.1055288)
1556195881,POINT(-8.5296096 41.1056576)
1556195930,POINT(-8.5303365 41.1063421)
1556195935,POINT(-8.5304731 41.1063721)
1556195996,POINT(-8.528533 41.1069412)
1556196006,POINT(-8.5281367 41.1070073)
1556196016,POINT(-8.5302902 41.1071152)
1556196039,POINT(-8.5303278 41.1072803)
1556196044,POINT(-8.531506 41.1072937)
1556196066,POINT(-8.5246126 41.1077534)
1556196276,POINT(-8.525789 41.1088703)
1556196295,POINT(-8.5209438 41.1090352)
1556196301,POINT(-8.5218935 41.1091151)
1556196325,POINT(-8.520269 41.1092278)
1556196374,POINT(-8.5283506 41.1095761)
1556196381,POINT(-8.5347337 41.1097149)
1556196399,POINT(-8.5345285 41.1099427)
1556196400,POINT(-8.5323333 41.1099497)
1556196407,POINT(-8.5236407 41.1099737)
1556196408,POINT(-8.5352872 41.1099739)
1556196475,POINT(-8.5344264 41.110158)
1556196488,POINT(-8.5215632 41.110217)
1556196514,POINT(-8.5305047 41.1103564)
1556196520,POINT(-8.5295765 41.1103652)
1556196537,POINT(-8.5353809 41.1103567)
1556196562,POINT(-8.5310541 41.110442)
1556196635,POINT(-8.5290957 41.1105523)
1556196704,POINT(-8.5261277 41.1106219)
1556196714,POINT(-8.5194128 41.11073)
1556196715,POINT(-8.5348509 41.110745)
1556196727,POINT(-8.510522 41.1108397)
1556196790,POINT(-8.5294483 41.1108563)
1556196827,POINT(-8.5324247 41.1109823)
1556196836,POINT(-8.5189305 41.1109757)
1556196849,POINT(-8.5292766 41.1110167)
1556196852,POINT(-8.53023 41.1110792)
1556196871,POINT(-8.5299603 41.1111058)
1556196883,POINT(-8.533939 41.111144)
1556196889,POINT(-8.5213784 41.1111856)
1556196891,POINT(-8.5323211 41.1112001)
1556196929,POINT(-8.5219104 41.1113303)
1556196930,POINT(-8.5158036 41.1113335)
1556196934,POINT(-8.5248938 41.1113513)
1556196948,POINT(-8.5258048 41.1113751)
1556196949,POINT(-8.5168843 41.111379)
1556196950,POINT(-8.5226843 41.1113913)
1556197012,POINT(-8.5258335 41.1115435)
1556197029,POINT(-8.5144893 41.1115718)
1556197089,POINT(-8.5340859 41.1117398)
1556197123,POINT(-8.5324991 41.1117762)
1556197237,POINT(-8.5335571 41.1117934)
1556197312,POINT(-8.5214124 41.1118235)
1556197330,POINT(-8.5326652 41.1118392)
1556197342,POINT(-8.5222207 41.1119287)
1556197343,POINT(-8.5140219 41.1119298)
1556197348,POINT(-8.5219104 41.1119845)
1556197392,POINT(-8.5084266 41.1120117)
1556197394,POINT(-8.5190249 41.1120221)
1556197398,POINT(-8.5151303 41.1120355)
1556197401,POINT(-8.5138148 41.1120604)
1556197402,POINT(-8.5350557 41.1120524)
1556197403,POINT(-8.5190289 41.1120722)
1556197426,POINT(-8.5163422 41.1120876)
1556197428,POINT(-8.5180299 41.1120972)
1556197439,POINT(-8.5317785 41.1121606)
1556197473,POINT(-8.5329046 41.1122494)
1556197475,POINT(-8.5199701 41.112285)
1556197476,POINT(-8.5210073 41.1122915)
1556197497,POINT(-8.5094866 41.1123516)
1556197519,POINT(-8.5085649 41.1124494)
1556197592,POINT(-8.5137721 41.1124642)
1556197691,POINT(-8.5321456 41.1125094)
1556197694,POINT(-8.5127436 41.1125029)
1556197699,POINT(-8.5150139 41.1125372)
1556197759,POINT(-8.5322678 41.1125845)
1556197772,POINT(-8.5118708 41.112721)
1556197776,POINT(-8.5299102 41.1127429)
1556197780,POINT(-8.5145505 41.112773)
1556197783,POINT(-8.5337534 41.1127878)
1556197784,POINT(-8.515174 41.1128059)
1556197786,POINT(-8.5232108 41.1128171)
1556197879,POINT(-8.5088694 41.1129715)
1556197893,POINT(-8.534124 41.1130197)
1556197979,POINT(-8.5127939 41.1130856)
1556197997,POINT(-8.5190963 41.1130896)
1556198300,POINT(-8.5161056 41.113209)
1556198326,POINT(-8.5353764 41.1132532)
1556198445,POINT(-8.5316299 41.1133586)
1556198447,POINT(-8.53208 41.1133765)
1556198452,POINT(-8.5124883 41.1133844)
1556198464,POINT(-8.5044103 41.1133965)
1556198469,POINT(-8.5223001 41.113404)
1556198534,POINT(-8.5067697 41.1135283)
1556198688,POINT(-8.5302467 41.1136415)
1556198776,POINT(-8.5095813 41.1136714)
1556198890,POINT(-8.5100501 41.1136978)
1556198932,POINT(-8.5249874 41.1137834)
1556198935,POINT(-8.5171117 41.1138376)
1556198936,POINT(-8.508651 41.1138412)
1556198945,POINT(-8.5303105 41.1138946)
1556198962,POINT(-8.5176705 41.1139033)
1556198966,POINT(-8.5056226 41.1139352)
1556198996,POINT(-8.5343616 41.1139818)
1556199034,POINT(-8.5030519 41.1142629)
1556199046,POINT(-8.5062353 41.114308)
1556199051,POINT(-8.517845 41.114304)
1556199055,POINT(-8.5042047 41.1143172)
1556199087,POINT(-8.5048377 41.1144761)
1556199088,POINT(-8.5096203 41.1145157)
1556199106,POINT(-8.5047101 41.1145344)
1556199122,POINT(-8.5086471 41.1145835)
1556199124,POINT(-8.5045392 41.1145925)
1556199421,POINT(-8.5239224 41.1148895)
1556199431,POINT(-8.5052467 41.1149868)
1556199443,POINT(-8.529526 41.1148418)
1556199577,POINT(-8.5088451 41.1152433)
1556199602,POINT(-8.5074169 41.1153613)
1556199626,POINT(-8.5065902 41.1156277)
1556199736,POINT(-8.5211999 41.1156468)
1556199746,POINT(-8.5096824 41.1158898)
1556199831,POINT(-8.5251305 41.1158265)
1556199931,POINT(-8.5096485 41.1162332)
1556200049,POINT(-8.5239043 41.1164011)
1556200207,POINT(-8.525645 41.1167211)
1556200352,POINT(-8.5177889 41.1170303)
1556200360,POINT(-8.5252135 41.1171693)
1556200365,POINT(-8.5248051 41.1172222)
1556200368,POINT(-8.5173445 41.1172761)
1556200372,POINT(-8.5250249 41.1174789)
1556200374,POINT(-8.5078184 41.1175223)
1556200375,POINT(-8.522448 41.1175333)
1556200376,POINT(-8.5229781 41.1175666)
1556200384,POINT(-8.5243944 41.1176846)
1556200385,POINT(-8.5050359 41.1176866)
1556200389,POINT(-8.5181522 41.117722)
1556200396,POINT(-8.5239019 41.1179157)
1556200402,POINT(-8.5126561 41.1181038)
1556200407,POINT(-8.5060716 41.1183914)
1556200409,POINT(-8.5118011 41.1184953)
1556200412,POINT(-8.5225878 41.1185841)
1556200414,POINT(-8.5072507 41.1186574)
1556200417,POINT(-8.5048843 41.1187204)
1556200419,POINT(-8.5250516 41.1187373)
1556200420,POINT(-8.5141965 41.1187555)
1556200424,POINT(-8.5087319 41.1189507)
1556200430,POINT(-8.5234245 41.119126)
1556200432,POINT(-8.522532 41.1191868)
1556200456,POINT(-8.5244362 41.1193117)
1556200465,POINT(-8.5141634 41.1193599)
1556200588,POINT(-8.5131778 41.119608)
1556200653,POINT(-8.5116663 41.1196701)
1556200673,POINT(-8.5163079 41.1201698)
1556200680,POINT(-8.5086608 41.1209707)
1556200699,POINT(-8.512787 41.1219741)
1556200730,POINT(-8.5100079 41.123074)
1556200795,POINT(-8.511594 41.1241899)
1556200941,POINT(-8.5149426 41.1274473)
1556200988,POINT(-8.5147919 41.1274777)
1556200992,POINT(-8.5147681 41.1275029)
1556201027,POINT(-8.5181288 41.1276605)
1556201033,POINT(-8.5150875 41.127709)
1556201053,POINT(-8.5150121 41.1277937)
1556201125,POINT(-8.5149706 41.1278023)
1556201272,POINT(-8.5180699 41.1286177)
1556201276,POINT(-8.5140469 41.1286745)
1556201634,POINT(-8.5260861 41.1292919)
1556201651,POINT(-8.5260241 41.1294747)
1556201655,POINT(-8.5273697 41.1295092)
1556201730,POINT(-8.5264583 41.1296088)
1556201753,POINT(-8.5264583 41.1298484)
1556201834,POINT(-8.5258785 41.1299845)
1556201890,POINT(-8.5273239 41.1299927)
1556201910,POINT(-8.5263342 41.1300516)
1556202051,POINT(-8.5230303 41.1305037)
1556203732,POINT(-8.501742 41.1371586)
1556203906,POINT(-8.5077077 41.1376852)
1556203915,POINT(-8.5005832 41.1377943)
1556204046,POINT(-8.505712 41.138228)
1556204090,POINT(-8.5067655 41.1385423)
1556204114,POINT(-8.5066299 41.1387647)
1556204169,POINT(-8.5045418 41.1388514)
1556204179,POINT(-8.5139475 41.1388665)
1556204228,POINT(-8.5071136 41.138873)
1556204316,POINT(-8.5120119 41.1390867)
1556204459,POINT(-8.5069764 41.1392751)
1556204523,POINT(-8.5126454 41.139299)
1556204549,POINT(-8.5071462 41.1393852)
1556204555,POINT(-8.5112122 41.139394)
1556204623,POINT(-8.5067001 41.1394418)
1556204649,POINT(-8.5131023 41.1394979)
1556204804,POINT(-8.5128617 41.1396007)
1556204832,POINT(-8.5125873 41.139718)
1556204990,POINT(-8.5127088 41.1399172)
1556205129,POINT(-8.5120786 41.1401285)
1556205158,POINT(-8.5057092 41.1401409)
1556205180,POINT(-8.5073087 41.1403259)
1556205202,POINT(-8.5049212 41.1405487)
1556205240,POINT(-8.5059642 41.1406673)
1556205325,POINT(-8.5072127 41.1408575)
1556205329,POINT(-8.5057612 41.1409212)
1556205369,POINT(-8.5061131 41.1413622)
1556205773,POINT(-8.5082736 41.1420332)
1556205886,POINT(-8.5077336 41.1421839)
1556205944,POINT(-8.5128881 41.1422122)
1556206461,POINT(-8.5099133 41.142852)
1556206829,POINT(-8.5080241 41.1438143)
1556206895,POINT(-8.5111038 41.144163)
1556206923,POINT(-8.5113526 41.1441738)
1556207141,POINT(-8.5112935 41.1444578)
1556356267,POINT(-8.5366582 41.1396053)
1556356283,POINT(-8.5328208 41.141534)
1556356284,POINT(-8.5368299 41.1394841)
1556356290,POINT(-8.5360067 41.1399545)
1556356293,POINT(-8.5355668 41.1399262)
1556403607,POINT(-8.5269301 41.1392718)
1556404826,POINT(-8.5311108 41.139711)
1556412509,POINT(-8.5341333 41.1352728)
1556412522,POINT(-8.5336381 41.1354804)
1556412526,POINT(-8.5342198 41.1352406)
1556419618,POINT(-8.5184555 41.1391484)
1556419619,POINT(-8.5184461 41.1390393)
1556419621,POINT(-8.5185139 41.1399864)
1556419623,POINT(-8.5257607 41.135077)
1556419635,POINT(-8.5184173 41.138705)
1556419642,POINT(-8.5191034 41.137975)
1556437325,POINT(-8.5330418 41.1485408)
1556437332,POINT(-8.5332781 41.1487316)
1558680766,POINT(-8.5289249 41.1486289)
1558680768,POINT(-8.5281247 41.147937)
1558685356,POINT(-8.5249778 41.1490276)
1558685378,POINT(-8.5248516 41.1449982)
1558685380,POINT(-8.5248652 41.1451254)
1558685401,POINT(-8.5246379 41.1449666)
1558685411,POINT(-8.5236538 41.1487912)
1558696101,POINT(-8.5240155 41.1462788)
1558696136,POINT(-8.519847 41.1462626)
1560914785,POINT(-8.5253006 41.1004059)
1560915150,POINT(-8.524833 41.1012024)
1560915781,POINT(-8.5259788 41.1031224)
1560915791,POINT(-8.5245174 41.1031491)
1560915985,POINT(-8.5262043 41.1032404)
1560916136,POINT(-8.5258817 41.1032581)
1560916239,POINT(-8.5190397 41.1033711)
1560916572,POINT(-8.5251468 41.1037659)
1560916604,POINT(-8.5270595 41.1038492)
1560916775,POINT(-8.5205835 41.1040847)
1560916854,POINT(-8.5176953 41.1044362)
1560917293,POINT(-8.5183937 41.1050192)
1560917299,POINT(-8.5184473 41.1051049)
1560917324,POINT(-8.5130509 41.1053015)
1560917436,POINT(-8.5170395 41.1055438)
1560917446,POINT(-8.516425 41.1056311)
1560917571,POINT(-8.5140187 41.1058675)
1560917719,POINT(-8.5139874 41.1065135)
1560917904,POINT(-8.5154193 41.107111)
1560917919,POINT(-8.5156057 41.1074551)
1560918012,POINT(-8.5090324 41.107689)
1560918017,POINT(-8.5031098 41.1077743)
1560918069,POINT(-8.5092957 41.1079121)
1560918090,POINT(-8.5089354 41.1081445)
1560918142,POINT(-8.5135729 41.1082238)
1560918152,POINT(-8.5135943 41.1082245)
1560918263,POINT(-8.5074718 41.108422)
1560918309,POINT(-8.5057253 41.1084483)
1560918324,POINT(-8.5091871 41.1085245)
1560918444,POINT(-8.50813 41.1088196)
1560918465,POINT(-8.5100411 41.1090142)
1560918616,POINT(-8.507161 41.1092811)
1560918899,POINT(-8.5132778 41.1106566)
1560918935,POINT(-8.5140438 41.1108252)
1560919059,POINT(-8.513758 41.1110342)
1560919117,POINT(-8.5138823 41.111298)
1560919176,POINT(-8.5143697 41.1116634)
1576669325,POINT(-8.5499157 41.1434944)
1576669347,POINT(-8.5476215 41.143042)
1576669362,POINT(-8.549753 41.1436101)
1576669395,POINT(-8.5499087 41.1428369)
1576669425,POINT(-8.54989 41.1436733)
1842028157,POINT(-8.5039263 41.1005572)
1842028177,POINT(-8.5098041 41.1081664)
1966612852,POINT(-8.5480255 41.1477724)
1966612865,POINT(-8.5482232 41.1479476)
1966612875,POINT(-8.548262 41.1481816)
1966612878,POINT(-8.5472351 41.1482784)
1966612887,POINT(-8.5481214 41.1483931)
1966612891,POINT(-8.5474365 41.1484553)
2056845783,POINT(-8.5197587 41.1354717)
2056845812,POINT(-8.5171022 41.1344533)
2056845815,POINT(-8.519562 41.1352036)
2085318114,POINT(-8.5332462 41.14923)
2090161526,POINT(-8.5184545 41.1013292)
2124092390,POINT(-8.5044531 41.1493449)
2355900878,POINT(-8.5021498 41.1004091)
2409041483,POINT(-8.5433651 41.1341102)
2409041484,POINT(-8.5465465 41.1377377)
2409041488,POINT(-8.5425922 41.1338272)
2409041490,POINT(-8.5440854 41.133058)
2409041491,POINT(-8.5440068 41.134335)
2409041493,POINT(-8.5182101 41.1382925)
2409041497,POINT(-8.5428092 41.1330297)
2409041499,POINT(-8.5169037 41.1382371)
2409041500,POINT(-8.5435921 41.1349448)
2409041502,POINT(-8.5439463 41.1332639)
2409041504,POINT(-8.5471159 41.138091)
2410475737,POINT(-8.5096418 41.1136706)
2410475738,POINT(-8.5136106 41.1269285)
2410475743,POINT(-8.5097214 41.1134774)
2410508036,POINT(-8.5454979 41.1416814)
2410508038,POINT(-8.5453167 41.1415613)
2410508049,POINT(-8.5453227 41.1417699)
2410508060,POINT(-8.5452162 41.141688)
2410528137,POINT(-8.5418639 41.134417)
2410528199,POINT(-8.5418326 41.134579)
2411445312,POINT(-8.5318277 41.1298011)
2411445315,POINT(-8.5332457 41.1283118)
2411445317,POINT(-8.5352731 41.1278142)
2411445321,POINT(-8.5338661 41.132203)
2411445328,POINT(-8.5418763 41.1235822)
2411445331,POINT(-8.5421119 41.1237106)
2411445349,POINT(-8.5329221 41.1295062)
2411445353,POINT(-8.5302683 41.1287662)
2411445358,POINT(-8.5298053 41.1285001)
2411469173,POINT(-8.5326131 41.141454)
2411469176,POINT(-8.5327298 41.1414326)
2416627168,POINT(-8.5315388 41.1389169)
2416627175,POINT(-8.5468618 41.143142)
2416627199,POINT(-8.5499428 41.1479251)
2416627228,POINT(-8.5452686 41.1466715)
2418209190,POINT(-8.5388439 41.1478401)
2418209191,POINT(-8.5393995 41.14836)
2418209192,POINT(-8.5266476 41.1438785)
2418209211,POINT(-8.5168574 41.1318215)
2418209239,POINT(-8.525557 41.1395378)
2418209321,POINT(-8.5318979 41.1343346)
2418219663,POINT(-8.5380196 41.1408295)
2418269990,POINT(-8.529355 41.1315932)
2418364694,POINT(-8.5399933 41.1445475)
2418364697,POINT(-8.5401915 41.1448085)
2418364701,POINT(-8.5415788 41.143087)
2418364708,POINT(-8.5397995 41.1443781)
2418364711,POINT(-8.5399101 41.1446602)
2418364712,POINT(-8.5417432 41.1428135)
2418364723,POINT(-8.5417117 41.1430954)
2418364737,POINT(-8.5399445 41.1445174)
2418364738,POINT(-8.5398803 41.1446567)
2418364746,POINT(-8.5401429 41.1398494)
2418364748,POINT(-8.5401079 41.1399353)
2418364750,POINT(-8.5418522 41.1429079)
2418364763,POINT(-8.5398168 41.1445643)
2418364764,POINT(-8.5398123 41.144587)
2418364767,POINT(-8.5418454 41.1430072)
2418364771,POINT(-8.5400065 41.1445997)
2418364776,POINT(-8.5415603 41.1428207)
2420387766,POINT(-8.5249324 41.1399994)
2420387826,POINT(-8.5324749 41.1355313)
2420387876,POINT(-8.5198869 41.1380758)
2420387892,POINT(-8.5252345 41.1425668)
2420387919,POINT(-8.5360274 41.1441363)
2420387928,POINT(-8.5249394 41.1426008)
2454698465,POINT(-8.5270302 41.1390638)
2454698466,POINT(-8.5272728 41.1387656)
2454698476,POINT(-8.5245005 41.1382756)
2454698477,POINT(-8.5245657 41.1390207)
2454698494,POINT(-8.5488828 41.1488726)
2454698517,POINT(-8.5358952 41.1420645)
2454698520,POINT(-8.5362409 41.1415698)
2456260465,POINT(-8.5088761 41.1164386)
2456260475,POINT(-8.5098446 41.1165299)
2466648905,POINT(-8.5367831 41.1335903)
2466648916,POINT(-8.536908 41.1339736)
2667888431,POINT(-8.5363735 41.1365994)
2667888435,POINT(-8.5080146 41.1047964)
2667888443,POINT(-8.5093806 41.1071924)
2791602781,POINT(-8.5232983 41.1383545)
2791603150,POINT(-8.5122852 41.1041685)
2791603154,POINT(-8.5108115 41.1041311)
2795601884,POINT(-8.5340133 41.1339309)
2795601889,POINT(-8.5330924 41.133406)
2795601902,POINT(-8.5157301 41.1293793)
2795601904,POINT(-8.5159359 41.1299972)
2795601905,POINT(-8.5197584 41.1287706)
2795601907,POINT(-8.5198508 41.1289445)
2795601926,POINT(-8.5253985 41.1249605)
2795601930,POINT(-8.5234811 41.1250845)
2795601931,POINT(-8.5227459 41.1246298)
2795601934,POINT(-8.5239286 41.1244817)
2871449893,POINT(-8.522949 41.1385598)
2871449895,POINT(-8.5228298 41.1383064)
2871449898,POINT(-8.5226547 41.1384076)
2871449900,POINT(-8.5230224 41.1384439)
2871456001,POINT(-8.5229836 41.1383616)
2871456008,POINT(-8.5227284 41.1385642)
2896417959,POINT(-8.5230914 41.1390449)
2896417961,POINT(-8.5235958 41.1407615)
2942509894,POINT(-8.544057 41.1404156)
3139742504,POINT(-8.5231656 41.1392378)
3139742508,POINT(-8.5233654 41.1399851)
3139742509,POINT(-8.5237059 41.1413029)
3139742510,POINT(-8.5214306 41.1409202)
3139742512,POINT(-8.5184269 41.1388165)
3139742513,POINT(-8.5187527 41.1387657)
3139742521,POINT(-8.5303014 41.1408694)
3139742522,POINT(-8.5191268 41.1413139)
3139742523,POINT(-8.5189578 41.1413285)
3139742941,POINT(-8.522652 41.1300046)
3139742942,POINT(-8.5233314 41.1290341)
3283198441,POINT(-8.5410786 41.1366602)
3283198450,POINT(-8.5400587 41.1369186)
3299419396,POINT(-8.5164684 41.1340302)
3299419398,POINT(-8.5159124 41.1333386)
3319839541,POINT(-8.5197395 41.1256008)
3332545295,POINT(-8.5470896 41.1429057)
3332545297,POINT(-8.5471439 41.1428114)
3332545308,POINT(-8.5499416 41.1436113)
3332545310,POINT(-8.5499434 41.1437343)
3360275664,POINT(-8.5315733 41.1085197)
3360275672,POINT(-8.5301542 41.1089238)
3394683710,POINT(-8.5370771 41.1439434)
3425663239,POINT(-8.5324067 41.1441055)
3425663242,POINT(-8.5324296 41.1440205)
3425663249,POINT(-8.5313724 41.1478792)
3475356703,POINT(-8.5421568 41.1351955)
3475356705,POINT(-8.542269 41.1345951)
3763258460,POINT(-8.5298049 41.1364764)
3846224996,POINT(-8.534275 41.1326946)
3846225027,POINT(-8.5258233 41.1332876)
3846225063,POINT(-8.5255125 41.1335924)
3846225587,POINT(-8.534644 41.1352343)
3846225594,POINT(-8.5345687 41.1352786)
3846225604,POINT(-8.5347214 41.1353733)
3846226321,POINT(-8.5054181 41.1386111)
3846226333,POINT(-8.5062341 41.1388141)
3846226350,POINT(-8.5062108 41.1389702)
3846226483,POINT(-8.5186349 41.1391832)
3846226484,POINT(-8.5181274 41.1391851)
3846226500,POINT(-8.5183265 41.1392771)
3846226504,POINT(-8.5184674 41.1392881)
3846226541,POINT(-8.5061688 41.1394698)
3846226714,POINT(-8.5057152 41.1398672)
3846226750,POINT(-8.5055804 41.1400615)
3846226943,POINT(-8.5247267 41.1421114)
3846226961,POINT(-8.5253161 41.1422236)
3846226968,POINT(-8.5255375 41.1422503)
3846226969,POINT(-8.5248691 41.1422739)
3846227007,POINT(-8.530698 41.1425848)
3846227196,POINT(-8.5381145 41.1435788)
3846227211,POINT(-8.5499202 41.1436218)
3846227304,POINT(-8.5324911 41.1438418)
3846227306,POINT(-8.5241111 41.1438439)
3846227442,POINT(-8.5212702 41.1448753)
3846227896,POINT(-8.503559 41.147616)
3846228001,POINT(-8.5499054 41.1480529)
3846228071,POINT(-8.539752 41.1484519)
3846228178,POINT(-8.5046309 41.1491338)
3846228209,POINT(-8.5046372 41.1492986)
3846228235,POINT(-8.5331253 41.1494715)
3846228307,POINT(-8.5134706 41.1497969)
3846228314,POINT(-8.5137055 41.149855)
3846228343,POINT(-8.5359613 41.1499119)
3846228350,POINT(-8.544766 41.1499626)
3862059261,POINT(-8.5119051 41.103581)
3862059554,POINT(-8.5058621 41.113857)
4038445789,POINT(-8.5263123 41.1341176)
4038445791,POINT(-8.5256961 41.1350087)
4212376016,POINT(-8.5324542 41.1404203)
4212376019,POINT(-8.5322095 41.1402801)
4212376020,POINT(-8.5321787 41.1403131)
4212376024,POINT(-8.5324593 41.1403128)
4212376031,POINT(-8.532277 41.1404753)
4755929030,POINT(-8.528548 41.1082622)
4757455700,POINT(-8.5303169 41.1054382)
4759277535,POINT(-8.5334938 41.1113296)
4759277582,POINT(-8.5346596 41.1106196)
5221452621,POINT(-8.5152036 41.1485772)
5221835571,POINT(-8.5286063 41.1110988)
5221835573,POINT(-8.5305245 41.1137119)
5221836525,POINT(-8.5233154 41.1391104)
5221836533,POINT(-8.5323185 41.1334664)
5261227668,POINT(-8.542608 41.1347496)
5261227671,POINT(-8.5425273 41.1358067)
5320300945,POINT(-8.5105539 41.1136445)
5369088178,POINT(-8.5264287 41.1446149)
5369088181,POINT(-8.5266063 41.1440777)
5369088182,POINT(-8.5268409 41.1440439)
5369088185,POINT(-8.5444029 41.1392276)
5512519521,POINT(-8.5400608 41.1398796)
6381466769,POINT(-8.5466593 41.1126545)
6381469105,POINT(-8.5460186 41.1135265)
6381469289,POINT(-8.5451866 41.1116772)
6381469321,POINT(-8.5455326 41.1047072)
6381469360,POINT(-8.5490816 41.1165094)
6381469514,POINT(-8.5489689 41.1120454)
6558205262,POINT(-8.530316 41.1138)
6558205263,POINT(-8.5302843 41.1137314)
6558205264,POINT(-8.5303378 41.1136797)
6558205268,POINT(-8.5304552 41.1137044)
6558205274,POINT(-8.5303617 41.113817)
6558205279,POINT(-8.5304721 41.1137515)
6595196184,POINT(-8.530629 41.116971)
6595210391,POINT(-8.5304037 41.1177793)
6796780728,POINT(-8.5434999 41.1434247)
6796780729,POINT(-8.5454753 41.1428479)
6796780733,POINT(-8.544436 41.1423815)
7376176897,POINT(-8.5459099 41.1125719)
7376176927,POINT(-8.5488897 41.1192308)
7419934903,POINT(-8.5342601 41.1034717)
7715017824,POINT(-8.5431781 41.1026612)
8867093459,POINT(-8.5371997 41.1322638)
8867093460,POINT(-8.5370993 41.1322517)
9116162716,POINT(-8.5154718 41.1169286)
9116165519,POINT(-8.5155317 41.1161678)
9116398649,POINT(-8.5499685 41.140686)
9119027366,POINT(-8.5281533 41.1250735)
9119027371,POINT(-8.5279173 41.1268717)
9119027377,POINT(-8.5273621 41.1256352)
9154071135,POINT(-8.5347469 41.1370624)
9221250919,POINT(-8.53717 41.1003427)
9664437833,POINT(-8.5478943 41.110942)
9664437834,POINT(-8.5468288 41.1083869)
9681221257,POINT(-8.5400023 41.1446115)
9681266798,POINT(-8.536145 41.1365057)
9834794582,POINT(-8.5388137 41.1449357)
9834794588,POINT(-8.5388805 41.1448911)
9834794591,POINT(-8.538887 41.1447926)
9834794598,POINT(-8.5386769 41.1449256)
9834794606,POINT(-8.5386186 41.1448533)
9834794608,POINT(-8.5387618 41.1453355)
9834794609,POINT(-8.5388423 41.1453214)
